actuallesbians,askgaybros,0.4779250846406875
actuallesbians,askmen,0.34299956723644065
actuallesbians,askwomen,0.4333466723810394
actuallesbians,femalefashionadvice,0.4228073155113845
actuallesbians,london,0.30537759126754405
actuallesbians,malefashionadvice,0.3072928626515121
actuallesbians,mensrights,0.3924212850554365
actuallesbians,trollxchromosomes,0.5531680390125432
actuallesbians,xxfitness,0.37501898220826957
askgaybros,askmen,0.6445472975671387
askgaybros,askwomen,0.5528177505651999
askgaybros,femalefashionadvice,0.26348867159301936
askgaybros,london,0.28342567360933524
askgaybros,malefashionadvice,0.2640947465343091
askgaybros,mensrights,0.4034258455060027
askgaybros,trollxchromosomes,0.5319634363195067
askgaybros,xxfitness,0.3558658735633431
askmen,askwomen,0.6771795108212306
askmen,femalefashionadvice,0.27443437714938135
askmen,london,0.2804536682924106
askmen,malefashionadvice,0.2457061215251478
askmen,mensrights,0.3092868695599975
askmen,trollxchromosomes,0.4951673064111719
askmen,xxfitness,0.37352675971633087
askwomen,femalefashionadvice,0.2951032789180741
askwomen,london,0.30682739756026234
askwomen,malefashionadvice,0.22281143938472792
askwomen,mensrights,0.2931428191705894
askwomen,trollxchromosomes,0.6114768315147628
askwomen,xxfitness,0.3680050474615102
femalefashionadvice,london,0.28863949552828827
femalefashionadvice,malefashionadvice,0.5083082036897186
femalefashionadvice,mensrights,0.20782736962747772
femalefashionadvice,trollxchromosomes,0.37306550499747404
femalefashionadvice,xxfitness,0.4109684599185929
london,malefashionadvice,0.26867563486978074
london,mensrights,0.3142488575605096
london,trollxchromosomes,0.2840883411822559
london,xxfitness,0.2189392802922191
malefashionadvice,mensrights,0.2561723146760885
malefashionadvice,trollxchromosomes,0.25252784496499336
malefashionadvice,xxfitness,0.3199876013717553
mensrights,trollxchromosomes,0.34816768637841755
mensrights,xxfitness,0.2532890644166301
trollxchromosomes,xxfitness,0.44200184667301934
