actuallesbians,askgaybros,0.927813889
actuallesbians,askmen,0.529140916
actuallesbians,askwomen,0.638594836
actuallesbians,femalefashionadvice,0.598870572
actuallesbians,london,0.470165603
actuallesbians,malefashionadvice,0.450218723
actuallesbians,mensrights,0.66925171
actuallesbians,trollxchromosomes,0.941454387
actuallesbians,xxfitness,0.405878164
askgaybros,askmen,0.567242642
askgaybros,askwomen,0.44581826
askgaybros,femalefashionadvice,0.460579925
askgaybros,london,0.439529713
askgaybros,malefashionadvice,0.390144415
askgaybros,mensrights,0.728581363
askgaybros,trollxchromosomes,0.846588351
askgaybros,xxfitness,0.388399137
askmen,askwomen,0.287414947
askmen,femalefashionadvice,0.259714016
askmen,london,0.287865102
askmen,malefashionadvice,0.28923851
askmen,mensrights,0.402690859
askmen,trollxchromosomes,0.416155247
askmen,xxfitness,0.27069039
askwomen,femalefashionadvice,0.479805965
askwomen,london,0.290520083
askwomen,malefashionadvice,0.238049034
askwomen,mensrights,0.332996084
askwomen,trollxchromosomes,0.670955717
askwomen,xxfitness,0.319024376
femalefashionadvice,london,0.400418949
femalefashionadvice,malefashionadvice,0.903900236
femalefashionadvice,mensrights,0.235286935
femalefashionadvice,trollxchromosomes,0.621576805
femalefashionadvice,xxfitness,0.460705855
london,malefashionadvice,0.430734897
london,mensrights,0.506001895
london,trollxchromosomes,0.475647583
london,xxfitness,0.28668026
malefashionadvice,mensrights,0.196173406
malefashionadvice,trollxchromosomes,0.413093527
malefashionadvice,xxfitness,0.381214657
mensrights,trollxchromosomes,0.684212054
mensrights,xxfitness,0.207661007
trollxchromosomes,xxfitness,0.47710454