actuallesbians,askgaybros,0.3239169072869804
actuallesbians,askmen,0.003757412342147659
actuallesbians,askwomen,0.6887835456035664
actuallesbians,femalefashionadvice,0.6612571701655844
actuallesbians,malefashionadvice,0.0508437240040811
actuallesbians,mensrights,0.14324731815413616
actuallesbians,trollxchromosomes,0.8855728825573721
actuallesbians,xxfitness,0.646685693939619
askgaybros,askmen,0.437232092901386
askgaybros,askwomen,0.045529252604155745
askgaybros,femalefashionadvice,0.1634453961381661
askgaybros,malefashionadvice,0.36734163854681534
askgaybros,mensrights,0.5080848089262973
askgaybros,trollxchromosomes,0.04843066299051402
askgaybros,xxfitness,0.13758568041366726
askmen,askwomen,0.41684981418938594
askmen,femalefashionadvice,0.06760783485248789
askmen,malefashionadvice,0.0706572881980625
askmen,mensrights,0.3283627287274633
askmen,trollxchromosomes,-0.054902105270845825
askmen,xxfitness,0.0714059488062061
askwomen,femalefashionadvice,0.48090821263466466
askwomen,malefashionadvice,0.010694015076255892
askwomen,mensrights,0.08114157060439131
askwomen,trollxchromosomes,0.7322469661384298
askwomen,xxfitness,0.43689005423474647
femalefashionadvice,malefashionadvice,0.16066039390952624
femalefashionadvice,mensrights,0.029928300122890494
femalefashionadvice,trollxchromosomes,0.745911159587453
femalefashionadvice,xxfitness,0.773137294030634
malefashionadvice,mensrights,0.09054756006841169
malefashionadvice,trollxchromosomes,0.040687033715160026
malefashionadvice,xxfitness,0.03520160995316435
mensrights,trollxchromosomes,0.06687327154004674
mensrights,xxfitness,0.06248801678233562
trollxchromosomes,xxfitness,0.6073712862151515
